Pilot,Custom 74,EF,120.00,Black|Burgundy|Blue|Green|Clear,3
Pilot,Custom 74,F,120.00,Black|Burgundy|Blue|Green|Clear,5
Pilot,Custom 74,M,120.00,Black|Burgundy|Blue|Green|Clear,4
Pilot,Custom 74,B,120.00,Black|Burgundy|Blue|Green|Clear,2
Pilot,Custom 74,FA,120.00,Black|Burgundy|Blue|Green|Clear,1
Sailor,Pro Gear Slim,EF,164.00,Black|Crimson|Transparent,4
Sailor,Pro Gear Slim,F,164.00,Black|Crimson|Transparent,6
Sailor,Pro Gear Slim,M,164.00,Black|Crimson|Transparent,3
Lamy,Safari,EF,29.00,Black|Red|Blue|Yellow|Charcoal|White,8
Lamy,Safari,F,29.00,Black|Red|Blue|Yellow|Charcoal|White,12
Lamy,Safari,M,29.00,Black|Red|Blue|Yellow|Charcoal|White,10
Lamy,Safari,B,29.00,Black|Red|Blue|Yellow|Charcoal|White,5
Platinum,3776 Century,EF,89.00,Black|Burgundy|Blue|Chartres Blue,4
Platinum,3776 Century,F,89.00,Black|Burgundy|Blue|Chartres Blue,7
Platinum,3776 Century,M,89.00,Black|Burgundy|Blue|Chartres Blue,5
Platinum,3776 Century,B,89.00,Black|Burgundy|Blue|Chartres Blue,2
Pelikan,M400,EF,295.00,Black|Tortoiseshell White|Brown Tortoise,3
Pelikan,M400,F,295.00,Black|Tortoiseshell White|Brown Tortoise,4
Pelikan,M400,M,295.00,Black|Tortoiseshell White|Brown Tortoise,3
Pelikan,M400,B,295.00,Black|Tortoiseshell White|Brown Tortoise,1
TWSBI,Eco,EF,32.00,Clear|Smoke|White|Emerald Green,6
TWSBI,Eco,F,32.00,Clear|Smoke|White|Emerald Green,9
TWSBI,Eco,M,32.00,Clear|Smoke|White|Emerald Green,8
TWSBI,Eco,B,32.00,Clear|Smoke|White|Emerald Green,4
TWSBI,Eco,S,32.00,Clear|Smoke|White|Emerald Green,2
Waterman,Carene,F,225.00,Black|Metallic Blue|Amber,3
Waterman,Carene,M,225.00,Black|Metallic Blue|Amber,4
Waterman,Carene,B,225.00,Black|Metallic Blue|Amber,2
Montblanc,Meisterstuck 149,F,1050.00,Black,2
Montblanc,Meisterstuck 149,M,1050.00,Black,3
Montblanc,Meisterstuck 149,B,1050.00,Black,2
Montblanc,Meisterstuck 149,BB,1050.00,Black,1
Cross,Townsend,F,165.00,Black|Chrome|23kt Gold,3
Cross,Townsend,M,165.00,Black|Chrome|23kt Gold,4
Cross,Townsend,B,165.00,Black|Chrome|23kt Gold,2
Parker,Duofold,EF,350.00,Black|Ivory|Centennial Blue,2
Parker,Duofold,F,350.00,Black|Ivory|Centennial Blue,4
Parker,Duofold,M,350.00,Black|Ivory|Centennial Blue,3
Parker,Duofold,B,350.00,Black|Ivory|Centennial Blue,1
Visconti,Homo Sapiens,F,895.00,Bronze Age|Dark Age,2
Visconti,Homo Sapiens,M,895.00,Bronze Age|Dark Age,3
Visconti,Homo Sapiens,B,895.00,Bronze Age|Dark Age,1
Aurora,Optima,EF,630.00,Black|Burgundy|Green,2
Aurora,Optima,F,630.00,Black|Burgundy|Green,3
Aurora,Optima,M,630.00,Black|Burgundy|Green,2
Stipula,Etruria,F,275.00,Demonstrator|Black|Amber,2
Stipula,Etruria,M,275.00,Demonstrator|Black|Amber,3
Stipula,Etruria,B,275.00,Demonstrator|Black|Amber,1
Esterbrook,JR Pocket,EF,95.00,Teal|Carmine|Lilac|Dove Grey,4
Esterbrook,JR Pocket,F,95.00,Teal|Carmine|Lilac|Dove Grey,6
Esterbrook,JR Pocket,M,95.00,Teal|Carmine|Lilac|Dove Grey,5
Kaweco,Sport,EF,24.00,Black|White|Green|Blue|Red|Yellow,10
Kaweco,Sport,F,24.00,Black|White|Green|Blue|Red|Yellow,14
Kaweco,Sport,M,24.00,Black|White|Green|Blue|Red|Yellow,11
Kaweco,Sport,B,24.00,Black|White|Green|Blue|Red|Yellow,6
Kaweco,Sport,BB,24.00,Black|White|Green|Blue|Red|Yellow,3
Graf von Faber-Castell,Classic,F,415.00,Black|Grenadilla Wood,2
Graf von Faber-Castell,Classic,M,415.00,Black|Grenadilla Wood,3
Graf von Faber-Castell,Classic,B,415.00,Black|Grenadilla Wood,1
Conklin,Duragraph,F,65.00,Clear|Nights Watch|Jungle,4
Conklin,Duragraph,M,65.00,Clear|Nights Watch|Jungle,5
Conklin,Duragraph,B,65.00,Clear|Nights Watch|Jungle,3
Noodlers,Ahab,F,20.00,Black|Clear|Demonstrator,7
Noodlers,Ahab,M,20.00,Black|Clear|Demonstrator,9
Noodlers,Ahab,B,20.00,Black|Clear|Demonstrator,5
Opus 88,Koloro,EF,85.00,Teal|Orange|Purple|Black,3
Opus 88,Koloro,F,85.00,Teal|Orange|Purple|Black,5
Opus 88,Koloro,M,85.00,Teal|Orange|Purple|Black,4
Opus 88,Koloro,B,85.00,Teal|Orange|Purple|Black,2
Franklin-Christoph,20 Marietta,EF,150.00,Ice|Antique Glass|Smoke,3
Franklin-Christoph,20 Marietta,F,150.00,Ice|Antique Glass|Smoke,4
Franklin-Christoph,20 Marietta,M,150.00,Ice|Antique Glass|Smoke,3
Leonardo,Momento Zero,EF,195.00,Black|Florentine Bronze|Titanium,2
Leonardo,Momento Zero,F,195.00,Black|Florentine Bronze|Titanium,4
Leonardo,Momento Zero,M,195.00,Black|Florentine Bronze|Titanium,3
Leonardo,Momento Zero,B,195.00,Black|Florentine Bronze|Titanium,1
Narwhal,Schuylkill,EF,75.00,Intrinsic|Pineapple|Bluebell,4
Narwhal,Schuylkill,F,75.00,Intrinsic|Pineapple|Bluebell,6
Narwhal,Schuylkill,M,75.00,Intrinsic|Pineapple|Bluebell,5
Penlux,Masterpiece Grande,F,110.00,Koi|Phoenix|Waves,3
Penlux,Masterpiece Grande,M,110.00,Koi|Phoenix|Waves,4
Penlux,Masterpiece Grande,B,110.00,Koi|Phoenix|Waves,2
Danitrio,Denshou,F,450.00,Urushi Black|Urushi Red,2
Danitrio,Denshou,M,450.00,Urushi Black|Urushi Red,2
Danitrio,Denshou,B,450.00,Urushi Black|Urushi Red,1
Wahl-Eversharp,Decoband,F,325.00,Black|Coral|Jade,2
Wahl-Eversharp,Decoband,M,325.00,Black|Coral|Jade,3
Wahl-Eversharp,Decoband,B,325.00,Black|Coral|Jade,1
Ohto,Tasche,EF,28.00,Black|Silver|Blue,5
Ohto,Tasche,F,28.00,Black|Silver|Blue,7
Ohto,Tasche,M,28.00,Black|Silver|Blue,6
Sailor,1911 Large,EF,200.00,Black|Rhodium|Gold Trim,3
Sailor,1911 Large,F,200.00,Black|Rhodium|Gold Trim,5
Sailor,1911 Large,M,200.00,Black|Rhodium|Gold Trim,4
Sailor,1911 Large,B,200.00,Black|Rhodium|Gold Trim,2
Sailor,1911 Large,MF,200.00,Black|Rhodium|Gold Trim,1